{"max_depth": 7, "max_iter": 473, "learning_rate": 0.0515392854538242, "l2_regularization": 0.01648828996349412}