{"max_depth": 7, "max_iter": 312, "learning_rate": 0.12434695445268754, "l2_regularization": 0.07021895173435694}