{"max_depth": 5, "max_iter": 596, "learning_rate": 0.058288386598180704, "l2_regularization": 0.08479681539449463}