{"max_depth": 24, "max_iter": 515, "learning_rate": 0.14893221376689858, "l2_regularization": 0.03299715433956195}