{"max_depth": 53, "max_iter": 393, "learning_rate": 0.06737061138087401, "l2_regularization": 0.0825426709834039}