{"max_depth": 6, "max_iter": 798, "learning_rate": 0.05093655189590866, "l2_regularization": 0.09609375508397218}