{"max_depth": 27, "max_iter": 526, "learning_rate": 0.07079225128136735, "l2_regularization": 0.06481718720511974}