{"max_depth": 44, "max_iter": 165, "learning_rate": 0.11215004689272158, "l2_regularization": 0.03539608837004873}