{"max_depth": 54, "max_iter": 397, "learning_rate": 0.022429978232038423, "l2_regularization": 0.09826857645795423}