{"max_depth": 5, "max_iter": 463, "learning_rate": 0.10454569964272865, "l2_regularization": 0.08961024008860612}