{"max_depth": 31, "max_iter": 510, "learning_rate": 0.10649310851248497, "l2_regularization": 0.06788795301189604}