{"max_depth": 60, "max_iter": 175, "learning_rate": 0.03788435694606451, "l2_regularization": 0.0636915486943315}