{"max_depth": 57, "max_iter": 317, "learning_rate": 0.055981661240014934, "l2_regularization": 0.05706666584240325}