{"max_depth": 51, "max_iter": 176, "learning_rate": 0.03615034474475922, "l2_regularization": 0.016032719191734848}