{"max_depth": 17, "max_iter": 281, "learning_rate": 0.06820749651967677, "l2_regularization": 0.01496748671836832}