{"max_depth": 37, "max_iter": 400, "learning_rate": 0.022454200430503998, "l2_regularization": 0.0030434419765131403}