{"max_depth": 5, "max_iter": 162, "learning_rate": 0.08097208745605282, "l2_regularization": 0.050314727713557675}