{"max_depth": 24, "max_iter": 233, "learning_rate": 0.026098785385910952, "l2_regularization": 0.01311236320276265}