{"max_depth": 5, "max_iter": 458, "learning_rate": 0.09287721112389054, "l2_regularization": 0.03833056663280641}