{"max_depth": 5, "max_iter": 1017, "learning_rate": 0.0560306119707802, "l2_regularization": 0.08190300125092623}