{"max_depth": 39, "max_iter": 646, "learning_rate": 0.06301924827617211, "l2_regularization": 0.00567129773174432}