{"max_depth": 25, "max_iter": 581, "learning_rate": 0.032368402180465806, "l2_regularization": 0.08700872583584367}