{"max_depth": 56, "max_iter": 373, "learning_rate": 0.0454040226425776, "l2_regularization": 0.034597987983530754}