{"max_depth": 59, "max_iter": 411, "learning_rate": 0.05198832830804228, "l2_regularization": 0.08299061401018168}