{"max_depth": 7, "max_iter": 1200, "learning_rate": 0.07870969740757662, "l2_regularization": 0.022729074992322847}