{"max_depth": 60, "max_iter": 252, "learning_rate": 0.03630582561126689, "l2_regularization": 0.09367419795233156}