{"max_depth": 38, "max_iter": 398, "learning_rate": 0.015217689572834422, "l2_regularization": 0.0004613320688416579}