{"max_depth": 47, "max_iter": 456, "learning_rate": 0.034726846302225944, "l2_regularization": 1.8751736258437742e-05}