{"max_depth": 57, "max_iter": 595, "learning_rate": 0.05424712630598984, "l2_regularization": 0.07311581610586262}