{"max_depth": 9, "max_iter": 169, "learning_rate": 0.10253337927399744, "l2_regularization": 0.09924636998709677}