{"max_depth": 24, "max_iter": 404, "learning_rate": 0.08524326036964786, "l2_regularization": 0.07525456843316168}