{"max_depth": 5, "max_iter": 729, "learning_rate": 0.03933975515366527, "l2_regularization": 0.08835274583422913}