{"max_depth": 7, "max_iter": 300, "learning_rate": 0.08110477821904492, "l2_regularization": 0.028755883279314182}