{"max_depth": 17, "max_iter": 396, "learning_rate": 0.10295077179845183, "l2_regularization": 0.032697737916059025}