{"max_depth": 48, "max_iter": 1168, "learning_rate": 0.12182928452809014, "l2_regularization": 0.02229249779638641}