{"max_depth": 6, "max_iter": 1200, "learning_rate": 0.0430083912880722, "l2_regularization": 0.039193023025773994}