{"max_depth": 5, "max_iter": 202, "learning_rate": 0.10800296714329652, "l2_regularization": 0.09978628309322918}