{"max_depth": 60, "max_iter": 150, "learning_rate": 0.12945121221324832, "l2_regularization": 0.0024929816835564684}