{"max_depth": 59, "max_iter": 786, "learning_rate": 0.06060198309721572, "l2_regularization": 0.012970757166089223}