{"max_depth": 19, "max_iter": 871, "learning_rate": 0.0792813960917787, "l2_regularization": 0.08677665392731211}