{"max_depth": 5, "max_iter": 100, "learning_rate": 0.1233907333760733, "l2_regularization": 0.0960865391439032}