{"max_depth": 6, "max_iter": 604, "learning_rate": 0.05717995785799629, "l2_regularization": 0.0540447374977166}