{"max_depth": 7, "max_iter": 101, "learning_rate": 0.1523465596266188, "l2_regularization": 0.035346258437964344}