{"max_depth": 60, "max_iter": 300, "learning_rate": 0.04922838166456915, "l2_regularization": 0.008677722021508828}