{"max_depth": 60, "max_iter": 330, "learning_rate": 0.052020466865535235, "l2_regularization": 0.020159557555935816}