{"max_depth": 5, "max_iter": 631, "learning_rate": 0.058166707549463195, "l2_regularization": 0.03567307278596272}