{"max_depth": 7, "max_iter": 104, "learning_rate": 0.10165437670261124, "l2_regularization": 0.09996478281446063}