{"max_depth": 11, "max_iter": 242, "learning_rate": 0.041334806948718196, "l2_regularization": 0.07369181771289583}