{"max_depth": 59, "max_iter": 1050, "learning_rate": 0.07011316519360448, "l2_regularization": 0.055028943848513416}