{"max_depth": 5, "max_iter": 400, "learning_rate": 0.04716975690670824, "l2_regularization": 0.0164575397247654}