{"max_depth": 5, "max_iter": 733, "learning_rate": 0.12248595418246554, "l2_regularization": 0.010165551039189827}