{"max_depth": 13, "max_iter": 582, "learning_rate": 0.08484838218988652, "l2_regularization": 0.005532275521022647}