{"max_depth": 43, "max_iter": 1196, "learning_rate": 0.1300469855720234, "l2_regularization": 0.011989704520762659}