{"max_depth": 5, "max_iter": 633, "learning_rate": 0.09125262113275819, "l2_regularization": 0.010494572713676702}